Index,Time_ms,Voltage_V,Temp_C,pH_Traditional,pH_AI,Standard_Target,Error_Trad,Error_AI,Sample_Type
1,2048,1.6572,25.0,7.05,6.95,7.00,0.050,-0.050,AUTO_SAMPLE
2,4052,1.6618,25.0,7.09,6.93,7.00,0.090,-0.070,AUTO_SAMPLE
3,6055,1.6581,25.0,7.06,6.94,7.00,0.060,-0.060,AUTO_SAMPLE
4,8058,1.6591,25.0,7.07,6.94,7.00,0.070,-0.060,AUTO_SAMPLE
5,10061,1.6620,25.0,7.09,6.93,7.00,0.090,-0.070,AUTO_SAMPLE
6,12065,2.0520,25.0,4.03,4.01,4.01,0.020,0.000,AUTO_SAMPLE
7,14068,2.0512,25.0,4.02,4.01,4.01,0.010,0.000,AUTO_SAMPLE
8,16072,2.0585,30.0,4.12,4.02,4.01,0.110,0.010,AUTO_SAMPLE
9,18075,2.0640,35.0,4.21,4.03,4.01,0.200,0.020,AUTO_SAMPLE
10,20078,1.2650,25.0,9.98,10.02,10.01,-0.030,0.010,AUTO_SAMPLE
11,22082,1.8150,28.5,5.82,5.85,FIELD,0.000,0.000,DURIAN_SOIL_MAKHAM
12,24085,1.8210,29.0,5.78,5.82,FIELD,0.000,0.000,DURIAN_SOIL_THA_MAI
13,26088,1.9840,31.2,4.65,4.72,FIELD,0.000,0.000,ACID_SOIL_KHAO_SAMING
